Date,Title
2020-07-07,【网连世界】疫情+“高考”？这道题各国怎么解
2020-08-25,“我做康复使者”活动启动 传播儿童早期康复知识
2020-08-27,"黑龙江武警总队医院:健康扶贫 医疗能""下去""病人能""上来"""
2020-09-15,第六个世界骨髓捐献者日宣传活动在京举行
2020-09-27,《行动呼吁：赋能残疾妇女和女童，共创我们想要的未来》发布
2020-10-10,关爱精神障碍患者 中国残联举办精神残疾康复交流活动 
2020-10-14,2020扶贫日“解决因残致贫问题的中国探索”论坛在京举行
2020-11-17,【网连世界】欧洲多国疫情反弹 防控措施收紧升级
2020-12-04,“12・5国际志愿者日”主题活动在京举行
2020-12-28,贵州建成10017个城区户外劳动者综合服务站
2021-01-14,警惕窃取个人信息诈骗陷阱（以案说法）
2021-01-15,为中国外贸逆风翻盘点赞
2021-01-15,为消费者创造真正的幸福感
2021-01-18,人民财评：GDP突破百万亿是里程碑更是新起点
2021-01-18,基金发行火爆 莫负基民厚望
2021-01-19,海外仓为出口增长添动力（开放谈）
2021-01-19,GDP破百万亿元的中国答卷（望海楼）
2021-01-20,注重需求侧管理  让消费的引擎作用更加强劲
2021-01-20,进一步改善老年消费环境（把脉）
2021-01-21,VR进课堂――与马克思“面对面”学习《资本论》http:
2021-01-21,线上买菜消费习惯正在养成 消费者觉得实惠吗？
2021-01-21,税收大数据印证中国经济稳定恢复好于预期
2021-01-21,首提反垄断 支付新规影响了谁？
2021-01-21,中国经济成绩单提振全球信心
2021-01-21,如何看待“机器换人”带来的技术性失业危机？http:
2021-01-25,中国网络零售持续火爆（专家解读）
2021-01-25,游戏改编电影，也有一段漫漫“征途”http:
2021-01-25,对“电竞”多一些清醒认知是好事http:
2021-01-25,国潮动画，让世界感受中国美学韵味http:
2021-01-29,倡导健康的媒介生活方式（艺海观澜）http:
2021-01-29,游戏代练灰色地带谁来管管http:
2021-01-29,展现跨越山海的深情（影视热点）http:
2021-01-29,这家餐厅明说了，可能会上错菜http:
2021-01-29,传统文化视频为何受青睐（深观察）http:
2021-01-29,红红火火迎春节http:
2021-01-29,为青年文化交流架起“立交桥”http:
2021-01-29,葡萄干，您所不了解的另一面（吃出健康来）http:
2021-02-01,扫码点餐，不应该是唯一选择（百姓关注）http:
2021-02-01,网络电影抱拥现实题材（圆桌谈）http:
2021-02-01,音乐新青年  线上新就业http:
2021-02-03,遭遇教培合同纠纷消费者如何维权？
2021-02-06,中国红十字会第十一届理事会第二次会议召开
2021-02-09,从大漠孤烟敦煌走入俄罗斯圣彼得堡列宾美院
2021-02-10,【网连世界】疫苗“争夺战”加剧全球疫苗分配不均
2021-02-10,迎新春 农民有“画”说http:
2021-02-10,组图：深圳福田中小学生在美术馆里剪纸迎新年
2021-02-26,【网连世界】中国疫苗分配“说到做到”获国际赞誉
2021-03-05,大修后的未成年人保护法将实施 有效落地需各方合力
2021-03-06,莫言：恭录辛词 可治感冒
2021-03-07,开展大规模多层次职业技能培训是稳就业的重要任务
2021-03-08,【网连世界】全球影业萎缩 中国票房复苏点亮希望
2021-03-24,青年游戏策划者的虚拟世界与现实奋斗：国风与国游的风云际会
2021-03-25,四川遂宁：童伴妈妈情暖留守儿童
2021-03-26,莫言：黄河游
2021-03-31,浙江：“指间公益”服务青少年50余万人
2021-04-06,作业、校外培训、游戏都要为学生睡眠让路
2021-05-09,莫言：那晚的红月亮——献给母亲
2021-05-21,6家公司营收超百亿 2020年游戏行业进入高速增长期 http:
2021-06-19,莫言：父爱如山
2021-07-15,莫言：打铁秘诀
2021-07-31,红十字志愿队打响防疫消杀战 已服务94个受灾社区
2021-07-31,红十字志愿队打响防疫消杀战 已服务94个受灾社区
2021-07-31,红十字志愿队打响防疫消杀战 已服务94个受灾社区
2021-08-20,俄海军2021年年底将接装三艘核潜艇
2021-08-30,16部门发文：促进更多退役军人投身乡村振兴http:
2021-09-08,“阿尔季乌斯”重型无人机即将列装俄军
2021-09-30,智能化作战新技术——美军研发可穿戴编程纤维
2021-10-21,从X-95新型高超音速导弹看俄武器装备发展计划
2021-10-29,追赶超越？俄美空基电子战装备比较
2021-11-22,国际观察：选择与病毒共存 多国遭遇严峻挑战
2021-11-25,俄大力加强空天防御力量建设
2021-11-26,土耳其攻击性无人机在中亚缘何热销
2021-11-26,国际观察：“新冷战”将为科研合作带来灾难性后果
2021-12-07,国际观察: 美国将体育政治化国际影响恶劣
2021-12-08,国际观察：“外交抵制”北京冬奥会是一场政治闹剧
2021-12-10,从俄反卫星实验剖析“努多尔”反导系统
2021-12-15,国际观察：“民主峰会”不改霸权主义本色
2021-12-20,解析土耳其新一代重型无人机“游骑兵”
2021-12-20,全球经济持续低迷，军火贸易逆势上扬
2021-12-29,2021（第六届）全国党媒网站高峰论坛在深圳举办http:
2021-12-30,2021党报推动媒体深度融合发展典型案例http:
2021-12-30,第六届全国党媒网站高峰论坛举办http:
2021-12-30,国家出版基金完成年度项目评审http:
2021-12-30,中国记协与中国平安开展战略合作 发布“新闻工作者关爱保障计划”http:
2021-12-30,2021新媒体高峰论坛在京举行http:
2021-12-31,国际观察：美式民主，登峰造极了
2022-01-09,“助力冰雪运动进一步发展”（相约北京冬奥）
2022-01-20,国际观察：携手共建后疫情时代美好世界
2022-01-20,国际观察：中国为解决全球问题注入正能量
2022-01-26,国际观察：中国同中亚五国的关系进入新时代
2022-01-31,中国冬奥旗手第一人赵伟昌的冰雪奇缘
2022-01-31,为了梦想，刻画中国“冰雪图鉴”
2022-01-31,纳达尔逆转澳网夺冠 21个大满贯创造历史
2022-02-05,冰雪欢歌耀五环――北京冬奥会开幕式侧记
2022-02-05,冬奥会开幕式上的诗词，值得收藏背诵！
2022-02-07,祝福中国新年  共襄冬奥盛会
2022-02-07,“为运动员加油，为北京冬奥会喝彩”
2022-02-08,台湾新增49例新冠肺炎确诊病例
2022-02-08,“中国民众春节假期消费热情不减”（外媒看中国）
2022-02-08,11家协会、学会联合倡议规范使用汉字http:
2022-02-08,国际观察：科技创新合作已成中阿可持续发展的重要动能
2022-02-09,“中国共产党是善于学习的政党”
2022-02-10,台湾新增54例新冠肺炎确诊病例
2022-02-10,环保、创新、精彩的全球盛会（国际论坛）
2022-02-11,台湾新增83例新冠肺炎确诊病例
2022-02-12,活态传承非遗 “80后”台青南京守护“寸锦寸金”
2022-02-12,“北京冬奥会书写了国际体育史上的新篇章”
2022-02-12,国际社会高度评价北京冬奥会
2022-02-13,为世界冰雪运动发展作出贡献（为冬奥喝彩）
2022-02-13,苏炳添为华侨华人送祝福
2022-02-13,火炬手、台胞章启正：鼓励两岸年轻人交流 传递和平与希望
2022-02-13,全球连线丨同谒妈祖 两岸乡亲闹元宵
2022-02-13,综合消息：消除体育政治化杂音 促进人类团结友爱――北京冬奥盛会获多国人士好评
2022-02-13,苏炳添为华侨华人送祝福
2022-02-14,人民网2021年度新闻记者证核验人员名单公示http:
2022-02-14,台湾新增52例新冠肺炎确诊病例
2022-02-15,正月十五闹元宵 元宵和汤圆这样吃才健康
2022-02-15,庆元宵 赏冬奥会里的“中式美学”
2022-02-15,“中国民众的笑容透着满满的获得感”
2022-02-15,国际观察：冬奥引燃“冰雪热” 冰雪经济大有可为
2022-02-15,诗意元宵：延续“中国式浪漫”，就在虎年的第一个月圆之夜
2022-02-16,国际观察：从北京冬奥，看可信、可爱、可敬的中国
2022-02-16,人民网虚拟现实沉浸式体验馆推出孙卓章书画展http:
2022-02-16,共庆元宵，两岸“90后”这样相爱
2022-02-16,新的希望和机遇（国际论坛）
2022-02-17,台湾青年在北京冬奥会做志愿者：两岸青年一起向未来
2022-02-17,台湾新增67例新冠肺炎确诊个案
2022-02-17,台湾青年在北京冬奥会做志愿者：两岸青年一起向未来
2022-02-18,新党主席吴成典将应邀出席北京冬奥会闭幕式
2022-02-18,台湾新增68例新冠肺炎确诊个案
2022-02-21,国际观察：北京冬奥会的成功举办彰显制度优势、大国担当
2022-02-22,大陆市场助力台湾工具机业逆势成长
2022-02-22,广西来宾：武警特战队员开展强化训练
2022-02-22,南部战区海军航空兵某旅组织实战化课目训练
2022-02-22,大陆市场助力台湾工具机业逆势成长
2022-02-22,台生“登陆”求学热彰显大陆吸引力（日月谈）
2022-02-22,台生“登陆”求学热彰显大陆吸引力（日月谈）
2022-02-23,武警广西总队机动支队：实战实训砺尖兵
2022-02-23,国台办发言人介绍苏州新冠肺炎疫情涉及台企台胞有关情况
2022-02-23,国台办：台湾同胞以各种方式参与北京冬奥会是“两岸一家亲”的真实写照
2022-02-23,台湾1月销往大陆订单同比增长8.9%
2022-02-23,台湾多县市持续抗衡当局“莱猪”政策
2022-02-23,台湾新增56例新冠肺炎确诊病例
2022-02-23,人民日报社2021年度新闻记者证核验人员名单公示http:
2022-02-23,国台办发言人介绍苏州新冠肺炎疫情涉及台企台胞有关情况
2022-02-23,国台办：台湾同胞以各种方式参与北京冬奥会是“两岸一家亲”的真实写照
2022-02-24,第81集团军某旅：铁甲雄风勇向前
2022-02-24,武警四川省总队宜宾支队开展“国防教育进校园”活动
2022-02-24,国防部介绍《军队功勋荣誉表彰条例》创新点
2022-02-24,国防部：中国军队3月将举办第七届长城国际军事医学论坛
2022-02-24,第81集团军某旅：铁甲雄风勇向前
2022-02-24,国防部介绍中汤救灾合作：四海皆兄弟 万里同日升
2022-02-25,台媒：人才荒已成为全台企业最大梦魇
2022-02-25,北京冬奥会，给中国注入动力和活力（望海楼・“冬奥之光”系列评论⑥）
2022-02-25,北京冬奥会，展现可信可爱可敬的中国（望海楼・“冬奥之光”系列评论⑦）
2022-02-26,台湾团体：发扬“二·二八”爱国爱乡精神，携手实现民族复兴
2022-02-26,台湾团体：发扬“二・二八”爱国爱乡精神，携手实现民族复兴
2022-02-26,德国化工巨头继续看好中国市场
2022-02-26,台湾新增68例新冠肺炎确诊病例
2022-02-28,纪念台湾人民“二・二八”起义75周年座谈会举行
2022-02-28,国际观察：中美“上海公报”精神的现实意义
2022-02-28,外交部：台湾是中国的事，不关日本的事
2022-02-28,台湾新增56例新冠肺炎确诊病例
2022-03-01,台湾新增44例新冠肺炎确诊病例
2022-03-01,武警湖北总队执勤支队：新兵下连，来到“特功八连”
2022-03-01,国台办：民进党当局乞灵于外部势力为谋“独”壮胆只会加速灭亡
2022-03-01,邹凯委员：从赛场到校园 推动体育教育专业化发展
2022-03-01,良工妙品 | 第1集《丹漆华彩雕粹美》
2022-03-01,新晋“顶流”雪容融上岗 中国美术馆馆长揭秘设计故事
2022-03-01,大熊猫“圆仔”体重超标 台北市立动物园启动减重计划
2022-03-01,一年之计在于春！在成语中邂逅春日浪漫
2022-03-02,国台办：“台独”勾结外部势力妄图挑战一个中国原则的图谋必被碾碎
2022-03-02,"国际观察：美国""侵吞""阿富汗资产是赤裸裸的抢劫"
2022-03-02,述评：稳定器 动力源 领头雁
2022-03-02,联合国安理会对也门胡塞武装实施武器禁运
2022-03-02,第七十五集团军某旅着力提升装备管理信息化水平
2022-03-02,英法联手推进新导弹项目
2022-03-02,日本密集提升空中战力
2022-03-02,现场直击：战火中的乌克兰民众期盼和平
2022-03-02,台湾新增49例新冠肺炎确诊病例
2022-03-02,中科院发布科技支撑“双碳”战略行动计划 面向2060年布局18项重点任务
2022-03-02,美国拉拢盟友加速太空军事化
2022-03-02,报告显示：中国城市科研创新实力快速崛起
2022-03-03,台湾新增71例新冠肺炎确诊病例
2022-03-03,“点一盏灯，架一座桥” 李嘉馨：用更大的热情服务冬残奥会
2022-03-03,2022世界移动通信大会：寻找“元宇宙”
2022-03-03,推进气象科技自立自强 加快建设气象强国
2022-03-03,国际观察：“自由车队”凸显西方社会治理失灵
2022-03-03,台湾多地无预警停电已造成灾情
2022-03-04,严纯华委员：为强化国家科技力量布局，助力中西部振兴再“发声”
2022-03-04,“深海一号”： 带领油气勘探开发走向超深水
2022-03-04,首个国产重组新冠病毒蛋白疫苗“转正”获批
2022-03-04,台湾多个团体联合举办春祭缅怀抗日英烈先贤
2022-03-04,台湾无预警大停电殃及逾500万户
2022-03-04,姜杰委员：新型火箭将使我国具备2030年前载人登月能力
2022-03-04,九部门推动“科技援藏”：形成生态保护系统性技术解决方案
2022-03-04,科技部等九部门：支撑云南打造“世界光伏之都”
2022-03-04,揭开“爱台”与“挺台”的谎言――评民进党“舔美”新闹剧
2022-03-04,九部门：实施“科技援青” 打造世界级盐湖产业基地
2022-03-04,台湾多个团体联合举办春祭缅怀抗日英烈先贤
2022-03-04,国台办：蓬佩奥的谬论进一步暴露其本性和险恶用心
2022-03-05,甘肃酒泉：学雷锋 武警官兵在行动
2022-03-05,弘扬雷锋精神，新疆军区某训练基地官兵这样做
2022-03-05,甘肃酒泉：学雷锋 武警官兵在行动
2022-03-05,弘扬雷锋精神，新疆军区某训练基地官兵这样做
2022-03-05,团结包容促进交流互鉴 相知相融共赴美好未来――多国人士和媒体盛赞北京冬残奥会开幕式
2022-03-05,马杰代表：“天鲲二号”卫星计划近期发射
2022-03-05,一箭多星！长二丙火箭成功发射银河航天批产通信卫星
2022-03-06,中国科协等四部门联合开展高校大学生科技志愿服务工作
2022-03-06,塞尔维亚专家：北京冬残奥会开幕式展现包容平等理念
2022-03-07,对标实战从严抓训 锤炼部队抢险救援能力
2022-03-07,台湾新增43例新冠肺炎确诊个案
2022-03-07,台中一住宅大楼发生火灾已造成7死7伤
2022-03-07,北京冬残奥会赛场上演暖心一幕 蔡佳云：我们更应该互相帮助
2022-03-07,光荣时刻！直击武警新兵授枪仪式
2022-03-07,“所有的困难和挫折都值了！”北京冬残奥会单板滑雪中国队包揽金银铜牌
2022-03-07,巴勒斯坦官员：中国疫苗缓解加沙地带防疫压力
2022-03-07,两岸同胞富春江畔踏青 携手共绘现代富春山居图
2022-03-07,两岸同胞富春江畔踏青 携手共绘现代富春山居图
2022-03-07,揭开“爱台”与“挺台”的谎言――评民进党“舔美”新闹剧
2022-03-07,台中一住宅大楼发生火灾已造成7死7伤
2022-03-07,台湾新增43例新冠肺炎确诊个案
2022-03-07,两岸同胞富春江畔踏青 携手共绘现代富春山居图
2022-03-07,北京冬残奥会赛场上演暖心一幕 蔡佳云：我们更应该互相帮助
2022-03-07,北京篮协花式篮球分会完成换届
2022-03-07,组图：北京冬残奥会残奥单板滑雪障碍追逐赛事精彩瞬间
2022-03-07,特战队员跨昼夜反恐演练，锻造反恐尖兵
2022-03-07,北京篮协花式篮球分会完成换届
2022-03-07,特战队员跨昼夜反恐演练，锻造反恐尖兵
2022-03-07,“所有的困难和挫折都值了！”北京冬残奥会单板滑雪中国队包揽金银铜牌
2022-03-07,特战队员跨昼夜反恐演练，锻造反恐尖兵
2022-03-07,光荣时刻！直击武警新兵授枪仪式
2022-03-07,对标实战从严抓训 锤炼部队抢险救援能力
2022-03-07,美丽中国如何构建？政府工作报告释放这些信息
2022-03-07,减碳要先立后破http:
2022-03-07,冯丹代表：加快先进存储产业创新升级 筑牢数字中国基石
2022-03-07,组图：北京冬残奥会残奥单板滑雪障碍追逐赛事精彩瞬间
2022-03-07,对标实战从严抓训 锤炼部队抢险救援能力
2022-03-08,组图：北京冬残奥会残奥冬季两项 刘梦涛夺得男子中距离-坐姿金牌
2022-03-08,北京冬残奥会残奥冰球 中国队小组第一晋级决赛资格赛
2022-03-08,江尔雄：我很喜欢《我们同唱一首歌》，欢迎台青来大陆追梦筑梦圆梦
2022-03-08,对话《人世间》主创 揭秘主旋律剧作“出圈”密码
2022-03-08,刘梦涛：是体育改变了我 感谢自己的坚持
2022-03-08,江尔雄：我很喜欢《我们同唱一首歌》，欢迎台青来大陆追梦筑梦圆梦
2022-03-08,刘梦涛：是体育改变了我 感谢自己的坚持
2022-03-08,台盟中央副主席：解决好台青登陆创业就业“水土不服”问题
2022-03-08,这些女民警、好警嫂、爱警母亲 通报表扬
2022-03-08,组图：北京冬残奥会残奥冬季两项 刘梦涛夺得男子中距离-坐姿金牌
2022-03-08,他（她）们在冬残奥会绽放生命之花：“只要努力，就会有收获”
2022-03-08,国务院安委办启动危险化学品企业老旧装置安全风险防控专项整治
2022-03-08,“一站式”为民解忧：民有所呼，我有所应
2022-03-08,敖虎山委员：建设高质量的乡村医疗保障体系
2022-03-08,这些女民警、好警嫂、爱警母亲 通报表扬
2022-03-08,助力北京冬残奥会赠书活动在京举行
2022-03-08,今年将实现少年法庭统一归口管理
2022-03-08,南海子公园迎来野生天鹅
2022-03-08,柔性监管出新政 涉及8领域
2022-03-08,国家水网建设重大工程引江济淮工程有了法治“护盾”
2022-03-08,国务院安委办启动危险化学品企业老旧装置安全风险防控专项整治
2022-03-08,乱云飞渡仍从容 外长记者会彰显大国气度
2022-03-08,江尔雄：我很喜欢《我们同唱一首歌》，欢迎台青来大陆追梦筑梦圆梦
2022-03-08,台湾春浪音乐节热闹开场 乐迷期待大陆音乐人回归
2022-03-08,台湾新增29例新冠肺炎确诊病例
2022-03-08,台媒分析：303大停电凸显台湾电力三大脆弱之处
2022-03-08,台盟中央副主席：解决好台青登陆创业就业“水土不服”问题
2022-03-08,台湾春浪音乐节热闹开场 乐迷期待大陆音乐人回归
2022-03-08,我国绿色贷款存量规模居全球第一http:
2022-03-08,台湾新增29例新冠肺炎确诊病例
2022-03-08,贵州 着力打造生态文明建设先行区http:
2022-03-08,“三生”有树http:
2022-03-08,科学绿化 让国土常青（新征程・新步伐）http:
2022-03-08,温枢刚代表：跑出绿色低碳转型“加速度” 推动经济高质量发展
2022-03-08,中国女航天员王亚平在空间站向全球女性致以节日祝福
2022-03-08,敖虎山委员：建设高质量的乡村医疗保障体系
2022-03-08,水利部：努力将“防”的关口前移 坚决守住水利工程安全防线
2022-03-08,台湾春浪音乐节热闹开场 乐迷期待大陆音乐人回归
2022-03-08,台湾春浪音乐节热闹开场 乐迷期待大陆音乐人回归
2022-03-08,人权理事会根据中国倡议讨论保护弱势群体权利问题
2022-03-08,刘梦涛：是体育改变了我 感谢自己的坚持
2022-03-08,组图：北京冬残奥会残奥冬季两项 刘梦涛夺得男子中距离-坐姿金牌
2022-03-08,中国代表在人权理事会发言反对干涉斯里兰卡内政
2022-03-08,中国代表在人权理事会阐述在阿富汗问题上立场
2022-03-08,“一站式”为民解忧：民有所呼，我有所应
2022-03-08,日野11万辆汽车涉嫌尾气数据造假 日本政府已展开调查http:
2022-03-08,日本航空业加速脱碳 16家企业共同推动可持续航空燃料的普及http:
2022-03-08,29国女性工作友好度排行榜：日韩连续6年垫底http:
2022-03-08,台盟中央副主席：解决好台青登陆创业就业“水土不服”问题
2022-03-08,助力北京冬残奥会赠书活动在京举行
2022-03-08,对话《人世间》主创 揭秘主旋律剧作“出圈”密码
2022-03-09,国务院安委会办公室通报近期三起典型事故
2022-03-09,打通“最后一公里”为群众提供便捷司法服务http:
2022-03-09,促进人与自然和谐共生（融视点）http:
2022-03-09,国务院安委会督导检查组暗访水上安全：有渔船信号丢失
2022-03-09,2021年审结贪污贿赂、渎职等案件2.3万件 始终保持对腐败犯罪的高压态势http:
2022-03-09,赵鑫：敢于直面威胁、守护公平正义的执行法官
2022-03-09,2021年审结贪污贿赂、渎职等案件2.3万件 始终保持对腐败犯罪的高压态势http:
2022-03-09,打通“最后一公里”为群众提供便捷司法服务http:
2022-03-09,国务院安委会办公室通报近期三起典型事故
2022-03-09,以司法手段营造公平竞争氛围 让诚信成为习惯http:
2022-03-09,国务院安委会督导检查组暗访水上安全：有渔船信号丢失
2022-03-09,赵鑫：敢于直面威胁、守护公平正义的执行法官
2022-03-09,国务院安委会办公室通报近期三起典型事故
2022-03-09,国务院安委会督导检查组暗访水上安全：有渔船信号丢失
2022-03-09,赵鑫：敢于直面威胁、守护公平正义的执行法官
2022-03-09,“两高”亮出成绩单 彰显数据里的公平正义
2022-03-09,以司法手段营造公平竞争氛围 让诚信成为习惯http:
2022-03-09,俄外交部：俄乌外长有望于10日举行会谈
2022-03-09,赛事运行顺畅 环境全面提升
2022-03-09,综述：欧盟急推绿能措施以尽快摆脱对俄能源依赖
2022-03-09,马萧林委员：打卡博物馆成新时尚 让更多人对文物亲而近之
2022-03-09,《人民冰雪·冰雪故事汇》第三季-大众冰雪季：冰球场外裁判团
2022-03-09,民航局发出多份熔断指令 要求做好机票退改等工作
2022-03-09,各地邮政管理部门部署2022年邮政市场监管工作
2022-03-09,北京冬残奥村10秒中医药体验馆 提供中医疗法“初体验”
2022-03-09,最美忙碌人服务冬残奥
2022-03-09,“我看不见世界，但希望世界看见我”
2022-03-09,《人民冰雪·冰雪故事汇》第三季-大众冰雪季：冰球场外裁判团
2022-03-09,踏春读好书 商务印书馆发布3月十大好书
2022-03-09,中国代表40余国呼吁联合国人权高专办开展建设性对话与合作
2022-03-09,第七架接返自乌克兰撤离中国公民临时航班安全回国
2022-03-09,韩国第20届总统选举开始正式投票
2022-03-09,世卫组织：全球累计新冠死亡病例超过600万
2022-03-09,日本最高法院判决东电向约580名受害居民赔偿11亿日元
2022-03-09,中古合作古巴中学中文教学项目启动
2022-03-09,伊朗强调在宣布的红线问题上绝不让步
2022-03-09,马萧林委员：打卡博物馆成新时尚 让更多人对文物亲而近之
2022-03-09,《人民冰雪·冰雪故事汇》第三季-大众冰雪季：冰球场外裁判团
2022-03-09,人民网拟领取新闻记者证人员名单公示http:
2022-03-09,气温回升春菜上市 新发地供应量足价稳
2022-03-09,拼出竞技精神 赛出生命之美
2022-03-09,文化自信，精神力量更昂扬（民生共话）
2022-03-09,伊朗强调在宣布的红线问题上绝不让步
2022-03-09,日本政府拟在5月底前批准全部留学生入境 超过10万人http:
2022-03-09,日本政府拟在5月底前批准全部留学生入境 超过10万人http:
2022-03-09,韩国日增新冠确诊病例超34万例创新高
2022-03-09,综合消息：荷新等国新冠疫情恶化 部分国家放宽防疫措施
2022-03-09,供应担忧引发极端行情 大宗商品市场波动加剧
2022-03-09,对头部主播处罚将起到警示作用
2022-03-09,巴基斯坦安全部队打死7名恐怖分子
2022-03-09,打通“最后一公里”为群众提供便捷司法服务http:
2022-03-09,新疆察布查尔县乌孙山下野百合破冰绽放http:
2022-03-09,杨毅周：维护台胞权益 助力台胞更好融入国家发展大局
2022-03-09,台湾2月对大陆贸易依存度42.1% 大陆持续位列台湾最大出口市场
2022-03-09,台湾2月CPI年增率2.36% 鸡蛋涨幅近三成
2022-03-09,台湾2月对大陆贸易依存度42.1% 大陆持续位列台湾最大出口市场
2022-03-09,台湾2月CPI年增率2.36% 鸡蛋涨幅近三成
2022-03-09,银保监会发布保险公司非寿险业务准备金管理办法实施细则
2022-03-09,从产销双增到良好开局 我国汽车工业发展势头强劲
2022-03-09,刘世锦：应尽快形成减碳、降污、扩绿、增长四位一体的协同机制
2022-03-09,银保监会：代表委员关注集中在五方面 推动金融活水润泽千家万户
2022-03-09,陈晓红委员：加强我国跨境数据流动监管
2022-03-09,刘世锦委员：实现增长目标须挖掘新的结构性潜能
2022-03-09,周延礼委员：规范发展第三支柱养老保险 满足群众多样化养老需求
2022-03-09,谭祖安代表：完善技术工人职业等级 吸引更多人加入技工队伍
2022-03-09,银保监会发布保险公司非寿险业务准备金管理办法实施细则
2022-03-09,杨毅周：维护台胞权益 助力台胞更好融入国家发展大局
2022-03-09,从产销双增到良好开局 我国汽车工业发展势头强劲
2022-03-09,耕种在希望的田野上http:
2022-03-09,杨毅周：维护台胞权益 助力台胞更好融入国家发展大局
2022-03-09,财税政策打出“组合拳” 高质量发展按下“快进键”
2022-03-09,洪杰代表：完善“双碳”相关制度标准 加快建材行业绿色低碳转型
2022-03-09,倡导绿色低碳生活方式http:
2022-03-09,海南环岛具备大力发展氢能的条件http:
2022-03-09,加强自主创新 推进海上风电规模化开发http:
2022-03-09,让希望的田野充满活力――从全国两会看乡村振兴发力点http:
2022-03-09,1-2月全国共发生地质灾害135起 与前五年同期平均值相比增加77.6%
2022-03-09,人民银行：我国宏观杠杆率增幅总体稳定 年均增长约4.8个百分点
2022-03-09,人民银行向中央财政上缴结存利润 总额超1万亿元
2022-03-09,国家统计局：2月份全国工业生产者出厂价格（PPI）同比涨幅回落至8.8%
2022-03-09,国家统计局：2月份全国居民消费价格（CPI）同比上涨0.9%
2022-03-09,洪杰代表：完善“双碳”相关制度标准 加快建材行业绿色低碳转型
2022-03-09,京张高铁升级完善无障碍设施 打造无障碍乘车流线 
2022-03-09,财税政策打出“组合拳” 高质量发展按下“快进键”
2022-03-09,1-2月全国共发生地质灾害135起 与前五年同期平均值相比增加77.6%
2022-03-09,人民银行：我国宏观杠杆率增幅总体稳定 年均增长约4.8个百分点
2022-03-09,人民银行向中央财政上缴结存利润 总额超1万亿元
2022-03-09,国家统计局：2月份全国工业生产者出厂价格（PPI）同比涨幅回落至8.8%
2022-03-09,国家统计局：2月份全国居民消费价格（CPI）同比上涨0.9%
2022-03-09,京张高铁升级完善无障碍设施 打造无障碍乘车流线 
2022-03-09,刘世锦：应尽快形成减碳、降污、扩绿、增长四位一体的协同机制
2022-03-09,银保监会：代表委员关注集中在五方面 推动金融活水润泽千家万户
2022-03-09,陈晓红委员：加强我国跨境数据流动监管
2022-03-09,智慧法院建设 为公正司法提供有力科技支撑
2022-03-09,赵鑫：敢于直面威胁、守护公平正义的执行法官
2022-03-09,国务院安委会督导检查组暗访水上安全：有渔船信号丢失
2022-03-09,以司法手段营造公平竞争氛围 让诚信成为习惯http:
2022-03-09,“水牛下水”
2022-03-09,从仪仗兵到装甲步兵
2022-03-09,铿锵玫瑰绽放高原
2022-03-09,特战女兵雷霆出击
2022-03-09,为战育人锻造新型军事人才方阵
2022-03-09,加快治军方式根本性转变
2022-03-09,军队政协委员西西玛亮相“委员通道”：永远做党和人民的忠诚卫士
2022-03-09,凝聚强国强军磅礴伟力
2022-03-09,伊朗成功发射一颗军用侦察卫星
2022-03-09,巴基斯坦安全部队打死7名恐怖分子
2022-03-09,美军重新发展水上飞机
2022-03-09,高颜值的“小坦克”
2022-03-09,国务院安委会办公室通报近期三起典型事故
2022-03-09,国家防总专题会商调度黄河防凌工作 确保黄河开河期防凌安全
2022-03-09,加快治军方式根本性转变
2022-03-09,为战育人锻造新型军事人才方阵
2022-03-09,特战女兵雷霆出击
2022-03-09,刘世锦委员：实现增长目标须挖掘新的结构性潜能
2022-03-09,周延礼委员：规范发展第三支柱养老保险 满足群众多样化养老需求
2022-03-09,谭祖安代表：完善技术工人职业等级 吸引更多人加入技工队伍
2022-03-09,国家防总专题会商调度黄河防凌工作 确保黄河开河期防凌安全
2022-03-09,强化对被拐卖妇女儿童的司法保障
2022-03-09,去年起诉涉黑涉恶犯罪下降超七成
2022-03-09,治理“网暴”应法律与道德并举
2022-03-09,国家防总专题会商调度黄河防凌工作 确保黄河开河期防凌安全
2022-03-09,2021年审结贪污贿赂、渎职等案件2.3万件 始终保持对腐败犯罪的高压态势http:
2022-03-09,年保玉则风光
2022-03-09,“00”后女骑士长蒋小溪
2022-03-09,天津：法律宣传进社区
2022-03-09,伊朗成功发射一颗军用侦察卫星
2022-03-09,“水牛下水”
2022-03-09,美军重新发展水上飞机
2022-03-09,高颜值的“小坦克”
2022-03-09,从仪仗兵到装甲步兵
2022-03-09,铿锵玫瑰绽放高原
2022-03-09,“两高”亮出成绩单 彰显数据里的公平正义
2022-03-09,踏春读好书 商务印书馆发布3月十大好书
